<!--Performs simple digitisation of SimCalorimeterHits in the Muon system -->
<processor name="MuonDigitiser" type="DDSimpleMuonDigi">
  <!--Calibration coefficients for MUON-->
  <parameter name="CalibrMUON" type="FloatVec">70.1</parameter>
  <!-- maximum hit energy for a MUON hit -->
  <parameter name="MaxHitEnergyMUON" type="float">2.0</parameter>
  <!--MUON Collection Names-->
  <parameter name="MUONCollections" type="StringVec">
    YokeBarrelCollection YokeEndcapCollection</parameter>
  <!--MUON Collection of real Hits-->
  <parameter name="MUONOutputCollection" type="string">MuonHits</parameter>
  <!--Threshold for MUON Hits in GeV-->
  <parameter name="MuonThreshold" type="float">1e-06</parameter>
  <!--MuonHit Relation Collection-->
  <parameter name="RelationOutputCollection" type="string">MuonHitsRelations</parameter>
</processor>
