<!-- DDPlanarDigiProcessor creates TrackerHits from SimTrackerHits, smearing them according to the input parameters -->
<processor name="VXDBarrelDigitiser" type="DDPlanarDigiProcessor">
  <parameter name="SubDetectorName" type="string"> Vertex </parameter>
  <!--whether hits are 1D strip hits-->
  <parameter name="IsStrip" type="bool">false </parameter>
  <!--resolution in direction of u-->
  <parameter name="ResolutionU" type="float"> 0.005 </parameter>
  <!--resolution in direction of v-->
  <parameter name="ResolutionV" type="float"> 0.005 </parameter>
  <!--Name of the Input SimTrackerHit collection-->
  <parameter name="SimTrackHitCollectionName" type="string" lcioInType="SimTrackerHit"> VertexBarrelCollection </parameter>
  <!--Name of TrackerHit -> SimTrackHit relation collection-->
  <parameter name="SimTrkHitRelCollection" type="string" lcioOutType="LCRelation"> VXDBarrelHitsRelations </parameter>
  <!--Name of the TrackerHit output collection-->
  <parameter name="TrackerHitCollectionName" type="string" lcioOutType="TrackerHitPlane"> VXDBarrelHits </parameter>
  <!--resolution in time-->
  <parameter name="ResolutionT" type="FloatVec"> 0.03  </parameter>
  <!--resolution in direction of u - either one per layer or one for all layers -->
  <parameter name="UseTimeWindow" type="bool"> true </parameter>
  <!--Correct hit times for propagation: radial distance/c-->
  <parameter name="CorrectTimesForPropagation" type="bool" value="true"/>
  <!--Lower bound of the time window [ns]-->
  <parameter name="TimeWindowMin" type="float"> -0.09 </parameter>
  <!--Upper bound of the time window [ns]-->
  <parameter name="TimeWindowMax" type="float"> 0.15 </parameter>
  <!--verbosity level of this processor ("DEBUG0-4,MESSAGE0-4,WARNING0-4,ERROR0-4,SILENT")-->
  <parameter name="Verbosity" type="string"> WARNING </parameter>
</processor>

<processor name="VXDEndcapDigitiser" type="DDPlanarDigiProcessor">
  <parameter name="SubDetectorName" type="string"> Vertex </parameter>
  <!--whether hits are 1D strip hits-->
  <parameter name="IsStrip" type="bool">false </parameter>
  <!--resolution in direction of u-->
  <parameter name="ResolutionU" type="float"> 0.005 </parameter>
  <!--resolution in direction of v-->
  <parameter name="ResolutionV" type="float"> 0.005 </parameter>
  <!--Name of the Input SimTrackerHit collection-->
  <parameter name="SimTrackHitCollectionName" type="string" lcioInType="SimTrackerHit"> VertexEndcapCollection </parameter>
  <!--Name of TrackerHit -> SimTrackHit relation collection-->
  <parameter name="SimTrkHitRelCollection" type="string" lcioOutType="LCRelation"> VXDEndcapHitsRelations </parameter>
  <!--Name of the TrackerHit output collection-->
  <parameter name="TrackerHitCollectionName" type="string" lcioOutType="TrackerHitPlane"> VXDEndcapHits </parameter>
  <!--resolution in time-->
  <parameter name="ResolutionT" type="FloatVec"> 0.03  </parameter>
  <!--resolution in direction of u - either one per layer or one for all layers -->
  <parameter name="UseTimeWindow" type="bool"> true </parameter>
  <!--Correct hit times for propagation: radial distance/c-->
  <parameter name="CorrectTimesForPropagation" type="bool" value="true"/>
  <!--Lower bound of the time window [ns]-->
  <parameter name="TimeWindowMin" type="float"> -0.09 </parameter>
  <!--Upper bound of the time window [ns]-->
  <parameter name="TimeWindowMax" type="float"> 0.15 </parameter>
  <!--verbosity level of this processor ("DEBUG0-4,MESSAGE0-4,WARNING0-4,ERROR0-4,SILENT")-->
  <parameter name="Verbosity" type="string"> WARNING </parameter>
</processor>


<processor name="ITBarrelDigitiser" type="DDPlanarDigiProcessor">
  <parameter name="SubDetectorName" type="string"> InnerTrackers </parameter>
  <!--whether hits are 1D strip hits-->
  <parameter name="IsStrip" type="bool"> false </parameter>
  <!--resolution in direction of u-->
  <parameter name="ResolutionU" type="float"> 0.007 </parameter>
  <!--resolution in direction of v-->
  <parameter name="ResolutionV" type="float"> 0.09 </parameter>
  <!--Name of the Input SimTrackerHit collection-->
  <parameter name="SimTrackHitCollectionName" type="string" lcioInType="SimTrackerHit"> InnerTrackerBarrelCollection </parameter>
  <!--Name of TrackerHit -> SimTrackHit relation collection-->
  <parameter name="SimTrkHitRelCollection" type="string" lcioOutType="LCRelation"> ITBarrelHitsRelations </parameter>
  <!--Name of the TrackerHit output collection-->
  <parameter name="TrackerHitCollectionName" type="string" lcioOutType="TrackerHitPlane"> ITBarrelHits </parameter>
  <!--resolution in time-->
  <parameter name="ResolutionT" type="FloatVec"> 0.06  </parameter>
  <!--resolution in direction of u - either one per layer or one for all layers -->
  <parameter name="UseTimeWindow" type="bool"> true </parameter>
  <!--Correct hit times for propagation: radial distance/c-->
  <parameter name="CorrectTimesForPropagation" type="bool" value="true"/>
  <!--Lower bound of the time window [ns]-->
  <parameter name="TimeWindowMin" type="float"> -0.18 </parameter>
  <!--Upper bound of the time window [ns]-->
  <parameter name="TimeWindowMax" type="float"> 0.3 </parameter>
  <!--verbosity level of this processor ("DEBUG0-4,MESSAGE0-4,WARNING0-4,ERROR0-4,SILENT")-->
  <parameter name="Verbosity" type="string"> WARNING </parameter>
</processor>

<processor name="ITEndcapDigitiser" type="DDPlanarDigiProcessor">
  <parameter name="SubDetectorName" type="string"> InnerTrackers </parameter>
  <!--whether hits are 1D strip hits-->
  <parameter name="IsStrip" type="bool"> false </parameter>
  <!--resolution in direction of u-->
  <parameter name="ResolutionU" type="float"> 0.007 </parameter>
  <!--resolution in direction of v-->
  <parameter name="ResolutionV" type="float"> 0.09 </parameter>
  <!--Name of the Input SimTrackerHit collection-->
  <parameter name="SimTrackHitCollectionName" type="string" lcioInType="SimTrackerHit"> InnerTrackerEndcapCollection </parameter>
  <!--Name of TrackerHit -> SimTrackHit relation collection-->
  <parameter name="SimTrkHitRelCollection" type="string" lcioOutType="LCRelation"> ITEndcapHitsRelations </parameter>
  <!--Name of the TrackerHit output collection-->
  <parameter name="TrackerHitCollectionName" type="string" lcioOutType="TrackerHitPlane"> ITEndcapHits </parameter>
  <!--resolution in time-->
  <parameter name="ResolutionT" type="FloatVec"> 0.06 </parameter>
  <!--resolution in direction of u - either one per layer or one for all layers -->
  <parameter name="UseTimeWindow" type="bool"> true </parameter>
  <!--Correct hit times for propagation: radial distance/c-->
  <parameter name="CorrectTimesForPropagation" type="bool" value="true"/>
  <!--Lower bound of the time window [ns]-->
  <parameter name="TimeWindowMin" type="float"> -0.18 </parameter>
  <!--Upper bound of the time window [ns]-->
  <parameter name="TimeWindowMax" type="float"> 0.3 </parameter>
  <!--verbosity level of this processor ("DEBUG0-4,MESSAGE0-4,WARNING0-4,ERROR0-4,SILENT")-->
  <parameter name="Verbosity" type="string"> WARNING </parameter>
</processor>


<processor name="OTBarrelDigitiser" type="DDPlanarDigiProcessor">
  <parameter name="SubDetectorName" type="string"> OuterTrackers </parameter>
  <!--whether hits are 1D strip hits-->
  <parameter name="IsStrip" type="bool"> false </parameter>
  <!--resolution in direction of u-->
  <parameter name="ResolutionU" type="float"> 0.007 </parameter>
  <!--resolution in direction of v-->
  <parameter name="ResolutionV" type="float"> 0.09 </parameter>
  <!--Name of the Input SimTrackerHit collection-->
  <parameter name="SimTrackHitCollectionName" type="string" lcioInType="SimTrackerHit"> OuterTrackerBarrelCollection </parameter>
  <!--Name of TrackerHit -> SimTrackHit relation collection-->
  <parameter name="SimTrkHitRelCollection" type="string" lcioOutType="LCRelation"> OTBarrelHitsRelations </parameter>
  <!--Name of the TrackerHit output collection-->
  <parameter name="TrackerHitCollectionName" type="string" lcioOutType="TrackerHitPlane"> OTBarrelHits </parameter>
  <!--resolution in time-->
  <parameter name="ResolutionT" type="FloatVec"> 0.06  </parameter>
  <!--resolution in direction of u - either one per layer or one for all layers -->
  <parameter name="UseTimeWindow" type="bool"> true </parameter>
  <!--Correct hit times for propagation: radial distance/c-->
  <parameter name="CorrectTimesForPropagation" type="bool" value="true"/>
  <!--Lower bound of the time window [ns]-->
  <parameter name="TimeWindowMin" type="float"> -0.18 </parameter>
  <!--Upper bound of the time window [ns]-->
  <parameter name="TimeWindowMax" type="float"> 0.3 </parameter>
  <!--verbosity level of this processor ("DEBUG0-4,MESSAGE0-4,WARNING0-4,ERROR0-4,SILENT")-->
  <parameter name="Verbosity" type="string"> WARNING </parameter>
</processor>

<processor name="OTEndcapDigitiser" type="DDPlanarDigiProcessor">
  <parameter name="SubDetectorName" type="string"> OuterTrackers </parameter>
  <!--whether hits are 1D strip hits-->
  <parameter name="IsStrip" type="bool"> false </parameter>
  <!--resolution in direction of u-->
  <parameter name="ResolutionU" type="float"> 0.007 </parameter>
  <!--resolution in direction of v-->
  <parameter name="ResolutionV" type="float"> 0.09 </parameter>
  <!--Name of the Input SimTrackerHit collection-->
  <parameter name="SimTrackHitCollectionName" type="string" lcioInType="SimTrackerHit"> OuterTrackerEndcapCollection </parameter>
  <!--Name of TrackerHit -> SimTrackHit relation collection-->
  <parameter name="SimTrkHitRelCollection" type="string" lcioOutType="LCRelation"> OTEndcapHitsRelations </parameter>
  <!--Name of the TrackerHit output collection-->
  <parameter name="TrackerHitCollectionName" type="string" lcioOutType="TrackerHitPlane"> OTEndcapHits </parameter>
  <!--resolution in time-->
  <parameter name="ResolutionT" type="FloatVec"> 0.06  </parameter>
  <!--resolution in direction of u - either one per layer or one for all layers -->
  <parameter name="UseTimeWindow" type="bool"> true </parameter>
  <!--Correct hit times for propagation: radial distance/c-->
  <parameter name="CorrectTimesForPropagation" type="bool" value="true"/>
  <!--Lower bound of the time window [ns]-->
  <parameter name="TimeWindowMin" type="float"> -0.18 </parameter>
  <!--Upper bound of the time window [ns]-->
  <parameter name="TimeWindowMax" type="float"> 0.3 </parameter>
  <!--verbosity level of this processor ("DEBUG0-4,MESSAGE0-4,WARNING0-4,ERROR0-4,SILENT")-->
  <parameter name="Verbosity" type="string"> WARNING </parameter>
</processor>
