<!-- FilterDoubleLayerHits filters input TrackerHits requiring a pair of hits from 2 layers to be within angular cuts -->
<processor name="FilterDL_VXDB" type="FilterDoubleLayerHits">
  <parameter name="FillHistograms" type="bool" value="false" />
  <parameter name="SubDetectorName" type="string" value="Vertex" />
  <!-- Name of the input hit collection -->
  <parameter name="InputCollection" type="string" value="VXDBarrelHits" />
  <!-- Name of the output filtered hit collection -->
  <parameter name="OutputCollection" type="string" value="VXDBarrelHits_DLFiltered" />
  <!-- Configuration of the maximum dX and dTheta between a pair of hits at the inner and outer layer -->
  <!-- 4 numbers per double-layer: <inner layer ID>  <outer layer ID>  <dPhi max [mrad]>  <dTheta max [mrad]> -->
  <parameter name="DoubleLayerCuts" type="StringVec">
    0 1 2.0 35.0
    2 3 1.7 18.0
    4 5 1.5 10.0
    6 7 1.4 6.5
  </parameter>
  <parameter name="Verbosity" type="string"> MESSAGE5 </parameter>
</processor>

<processor name="FilterDL_VXDE" type="FilterDoubleLayerHits">
  <parameter name="FillHistograms" type="bool" value="false" />
  <parameter name="SubDetectorName" type="string" value="Vertex" />
  <!-- Name of the input hit collection -->
  <parameter name="InputCollection" type="string" value="VXDEndcapHits" />
  <!-- Name of the output filtered hit collection -->
  <parameter name="OutputCollection" type="string" value="VXDEndcapHits_DLFiltered" />
  <!-- Configuration of the maximum dX and dTheta between a pair of hits at the inner and outer layer -->
  <!-- 4 numbers per double-layer: <inner layer ID>  <outer layer ID>  <dPhi max [mrad]>  <dTheta max [mrad]> -->
  <parameter name="DoubleLayerCuts" type="StringVec">
    0 1 2.2  8.0
    2 3 1.4  2.8
    4 5 0.86 0.7
    6 7 0.7  0.3
  </parameter>
  <parameter name="Verbosity" type="string"> MESSAGE5 </parameter>
</processor>
