<!-- == CONFORMAL TRACKING parameters == -->

<processor name="ConformalTrackingILC" type="ConformalTrackingV2">
    <!--ConformalTracking constructs tracks using a combined conformal mapping and cellular automaton approach.-->
    <!--Name of the TrackerHit input collections-->
    <parameter name="TrackerHitCollectionNames" type="StringVec" lcioInType="TrackerHitPlane">
        VXDBarrelHits
        VXDEndcapHits
        ITBarrelHits
        ITEndcapHits
        OTBarrelHits
        OTEndcapHits
    </parameter>
    <!--Name of the MCParticle input collection-->
    <parameter name="MCParticleCollectionName" type="string" lcioInType="MCParticle">MCParticle </parameter>
    <!--Name of the TrackerHit relation collections-->
    <parameter name="RelationsNames" type="StringVec" lcioInType="LCRelation">
        VXDBarrelHitsRelations
        VXDEndcapHitsRelations
        ITBarrelHitsRelations
        ITEndcapHitsRelations
        OTBarrelHitsRelations
        OTEndcapHitsRelations
    </parameter>
    <!--Silicon track Collection Name-->
    <parameter name="SiTrackCollectionName" type="string" lcioOutType="Track">SiTracksCT </parameter>
    <!--Debug hits Collection Name-->
    <parameter name="DebugHits" type="string" lcioOutType="TrackerHitPlane"> DebugHits </parameter>
    <!--Maximum number of track hits to try the inverted fit-->
    <parameter name="MaxHitInvertedFit" type="int">4 </parameter>
    <!--Final minimum number of track clusters-->
    <parameter name="MinClustersOnTrackAfterFit" type="int">4 </parameter>
    <!--enable debug timing -->
    <parameter name="DebugTiming" type="bool">false </parameter>
    <!--enable debug plots -->
    <parameter name="DebugPlots" type="bool">false </parameter>
    <!--retry with tightened parameters, when too many tracks are being created-->
    <parameter name="RetryTooManyTracks" type="bool">false </parameter>
    <parameter name="TooManyTracks" type="int">50000 </parameter>
    <!--sort results from kdtree search-->
    <parameter name="SortTreeResults" type="bool">true </parameter>

    <parameter name="Steps" type="StringVec">
      [VXDBarrel]
      @Collections : VXDBarrelHits
      @Parameters : MaxCellAngle : 0.005; MaxCellAngleRZ : 0.005; Chi2Cut : 100; MinClustersOnTrack : 4; MaxDistance : 0.02; SlopeZRange: 10.0; HighPTCut: 10.0;
      @Flags : HighPTFit, VertexToTracker
      @Functions : CombineCollections, BuildNewTracks
      [VXDEncap]
      @Collections : VXDEndcapHits
      @Parameters : MaxCellAngle : 0.005; MaxCellAngleRZ : 0.005; Chi2Cut : 100; MinClustersOnTrack : 4; MaxDistance : 0.02; SlopeZRange: 10.0; HighPTCut: 0.0;
      @Flags : HighPTFit, VertexToTracker
      @Functions : CombineCollections, ExtendTracks
      [LowerCellAngle1]
      @Collections : ITBarrelHits, ITEndcapHits
      @Parameters : MaxCellAngle : 0.025; MaxCellAngleRZ : 0.025; Chi2Cut : 100; MinClustersOnTrack : 4; MaxDistance : 0.02; SlopeZRange: 10.0; HighPTCut: 10.0;
      @Flags : HighPTFit, VertexToTracker, RadialSearch
      @Functions : CombineCollections, BuildNewTracks
      [LowerCellAngle2]
      @Collections :
      @Parameters : MaxCellAngle : 0.05; MaxCellAngleRZ : 0.05; Chi2Cut : 2000; MinClustersOnTrack : 4; MaxDistance : 0.02; SlopeZRange: 10.0; HighPTCut: 10.0;
      @Flags : HighPTFit, VertexToTracker, RadialSearch
      @Functions : BuildNewTracks, SortTracks
      [Tracker]
      @Collections : ITBarrelHits, OTBarrelHits, ITEndcapHits, OTEndcapHits
      @Parameters : MaxCellAngle : 0.05; MaxCellAngleRZ : 0.05; Chi2Cut : 2000; MinClustersOnTrack : 4; MaxDistance : 0.02; SlopeZRange: 10.0; HighPTCut: 0.0;
      @Flags : HighPTFit, VertexToTracker, RadialSearch
      @Functions : CombineCollections, ExtendTracks
      [Displaced]
      @Collections : VXDBarrelHits, VXDEndcapHits, ITBarrelHits, OTBarrelHits, ITEndcapHits, OTEndcapHits
      @Parameters : MaxCellAngle : 0.05; MaxCellAngleRZ : 0.05; Chi2Cut : 1000; MinClustersOnTrack : 5; MaxDistance : 0.015; SlopeZRange: 10.0; HighPTCut: 10.0;
      @Flags : OnlyZSchi2cut, RadialSearch
      @Functions : CombineCollections, BuildNewTracks
    </parameter>

    <parameter name="trackPurity" type="double">0.7 </parameter>
    <parameter name="ThetaRange" type="double"> 0.05 </parameter>
    <!--verbosity level of this processor ("DEBUG0-4,MESSAGE0-4,WARNING0-4,ERROR0-4,SILENT")-->
    <parameter name="Verbosity" type="string">DEBUG7</parameter>
</processor>

<processor name="ClonesAndSplitTracksFinder" type="ClonesAndSplitTracksFinder">
    <parameter name="InputTrackCollectionName" type="string"> SiTracksCT </parameter>
    <parameter name="OutputTrackCollectionName" type="string"> SiTracks </parameter>
    <parameter name="MultipleScatteringOn" type="bool"> true </parameter>
    <parameter name="EnergyLossOn" type="bool"> true </parameter>
    <parameter name="SmoothOn" type="bool"> false </parameter>
    <parameter name="extrapolateForward" type="bool"> true </parameter>
    <parameter name="maxDeltaTheta" type="double"> 0.59 </parameter>
    <parameter name="maxDeltaPhi" type="double"> 0.99 </parameter>
    <parameter name="maxDeltaPt" type="double"> 0.69 </parameter>
    <parameter name="mergeSplitTracks" type="bool"> false </parameter>
</processor>

    <!-- == TruthTrackFinder parameters == -->

    <processor name="MyTruthTrackFinder" type="TruthTrackFinder">
        <parameter name="FitForward" type="bool">true</parameter>
        <!--Define input tracker hits and relations. NB. Order must be respected -->
        <parameter name="TrackerHitCollectionNames" type="StringVec" lcioInType="TrackerHitPlane">
        VXDBarrelHits
        VXDEndcapHits
        ITBarrelHits
        ITEndcapHits
        OTBarrelHits
        OTEndcapHits
        </parameter>
        <parameter name="SimTrackerHitRelCollectionNames" type="StringVec" lcioInType="LCRelation">
        VXDBarrelHitsRelations
        VXDEndcapHitsRelations
        ITBarrelHitsRelations
        ITEndcapHitsRelations
        OTBarrelHitsRelations
        OTEndcapHitsRelations
        </parameter>
        <!--Name of the MCParticle input collection-->
        <parameter name="MCParticleCollectionName" type="string" lcioInType="MCParticle">MCParticle </parameter>
        <!--Silicon track Collection Name-->
        <parameter name="SiTrackCollectionName" type="string" lcioOutType="Track">SiTracks </parameter>
        <!--Silicon track particle relation Collection Name-->
        <parameter name="SiTrackRelationCollectionName" type="string" lcioOutType="LCRelation">SiTrackRelations </parameter>
        <!--If true use the truth information to initialise the helical prefit, otherwise use prefit by fitting 3 hits-->
        <parameter name="UseTruthInPrefit" type="bool">false </parameter>
        <parameter name="Verbosity" type="string">SILENT </parameter>
    </processor>

<processor name="TrackRefit" type="RefitFinal">
    <!--Refit processor that calls finaliseLCIOTrack after taking the trackstate from the existing track. No re-sorting of hits is done-->
    <!--Use Energy Loss in Fit-->
    <parameter name="EnergyLossOn" type="bool"> true </parameter>
    <!--Name of the input track to MCParticle relation collection-->
    <parameter name="InputRelationCollectionName" type="string" lcioInType="LCRelation"> SiTrackRelations </parameter>
    <!--Name of the input track collection-->
    <parameter name="InputTrackCollectionName" type="string" lcioInType="Track"> SiTracks </parameter>
    <!--maximum allowable chi2 increment when moving from one site to another-->
    <parameter name="Max_Chi2_Incr" type="double"> 1.79769e+30 </parameter>
    <!--Use MultipleScattering in Fit-->
    <parameter name="MultipleScatteringOn" type="bool"> true </parameter>
    <!--Refit Track to MCParticle relation collection Name-->
    <parameter name="OutputRelationCollectionName" type="string" lcioOutType="LCRelation">
      SiTracks_Refitted_Relation
    </parameter>
    <!--Name of the output track collection-->
    <parameter name="OutputTrackCollectionName" type="string" lcioOutType="Track">
      SiTracks_Refitted
    </parameter>
    <!--Identifier of the reference point to use for the fit initialisation, -1 means at 0 0 0-->
    <parameter name="ReferencePoint" type="int"> -1 </parameter>
    <!--Smooth All Mesurement Sites in Fit-->
    <parameter name="SmoothOn" type="bool"> false </parameter>
    <!--verbosity level of this processor ("DEBUG0-4,MESSAGE0-4,WARNING0-4,ERROR0-4,SILENT")-->
    <!--parameter name="Verbosity" type="string"> DEBUG </parameter-->
    <!--if true extrapolation in the forward direction (in-out), otherwise backward (out-in)-->
    <parameter name="extrapolateForward" type="bool"> true </parameter>
    <!--Final minimum number of track clusters-->
    <parameter name="MinClustersOnTrackAfterFit" type="int">3 </parameter>
</processor>