<?xml version="1.0" encoding="us-ascii"?>
<marlin xmlns:xsi="http://www.w3.org/2001/XMLSchema-instance" xsi:noNamespaceSchemaLocation="http://ilcsoft.desy.de/marlin/marlin.xsd">

  <constants>
  </constants>
  
  <!-- Defining the execution order of processors -->
  <execute>

    <!-- ========== Setup ========== -->
    <processor name="AIDA"/>
    <processor name="EventNumber" />
    <processor name="Config" />

    <!-- ========== DD4hep.xml ========== -->
    <processor name="DD4hep"/>

    <!-- ========== Overlay.xml  ========== -->
    <if condition="Config.OverlayNone">
      <processor name="OverlayNone"/>
    </if>
    <if condition="Config.OverlayTest">
      <processor name="OverlayTest"/>
    </if>
    <if condition="Config.OverlayTrimmed">
      <processor name="OverlayTrimmed"/>
    </if>
    <if condition="Config.OverlayFull">
      <processor name="OverlayFull"/>
    </if>

    <!-- ========== TrackerDigitisation.xml ========== -->
    <processor name="VXDBarrelDigitiser"/>
    <processor name="VXDEndcapDigitiser"/>
    <processor name="ITBarrelDigitiser"/>
    <processor name="ITEndcapDigitiser"/>
    <processor name="OTBarrelDigitiser"/>
    <processor name="OTEndcapDigitiser"/>

    <!-- Including double-layer filtering if any Overlay is applied -->
    <!-- ========== VertexDoubleLayerFiltering.xml ========== -->
    <if condition="Config.OverlayNotFalse">
      <processor name="FilterDL_VXDB"/>
      <processor name="FilterDL_VXDE"/>
    </if>

    <!-- ========== CaloDigitisation.xml ============ -->
    <processor name="CaloDigitiser"/>
    <!-- ========== MuonDigitisation.xml ============ -->
    <processor name="MuonDigitiser"/>

    <!-- ========== Output ========== -->
    <processor name="LCIOWriter"/>

  </execute>


  <global>
    <parameter name="LCIOInputFiles">Outputs/output_sim.slcio</parameter>
    <!-- Limit the number of processed records -->
    <parameter name="MaxRecordNumber" value="-1" />
    <parameter name="SkipNEvents" value="0" />
    <parameter name="SupressCheck" value="false" />  
    <parameter name="Verbosity" options="DEBUG0-9,MESSAGE0-9,WARNING0-9,ERROR0-9,SILENT">MESSAGE </parameter>
    <parameter name="RandomSeed" value="1234567890" />
  </global>


  <!-- Including processor definitions from external files -->
  <include ref="subconfigs/DD4hep.xml"/>
  <include ref="subconfigs/Overlay.xml"/>
  <include ref="subconfigs/TrackerDigitisation.xml"/>
  <include ref="subconfigs/CaloDigitisation_HighThresh.xml"/>
  <include ref="subconfigs/MuonDigitisation.xml"/>
  <include ref="subconfigs/VertexDoubleLayerFiltering.xml"/>


  <!-- Defining other processors directly in the steering file -->
  <processor name="Config" type="CLICRecoConfig" >
    <parameter name="Verbosity" options="DEBUG0-9,MESSAGE0-9,WARNING0-9,ERROR0-9,SILENT"> MESSAGE  </parameter>
    <!--Which option to use for Overlay: False, BIB. Then use, e.g., Config.OverlayFalse in the condition-->
    <parameter name="Overlay" type="string">False</parameter>
    <!--Possible values and conditions for option Overlay-->
    <parameter name="OverlayChoices" type="StringVec">False None Test Trimmed Full</parameter>
    <!--Which option to use for VertexUnconstrained: ON, OFF. Then use, e.g., Config.VertexUnconstrainedOFF in the condition-->
    <parameter name="VertexUnconstrained" type="string">OFF </parameter>
    <!--Possible values and conditions for option Tracking-->
    <parameter name="VertexUnconstrainedChoices" type="StringVec">ON OFF  </parameter>
    <!--verbosity level of this processor ("DEBUG0-4,MESSAGE0-4,WARNING0-4,ERROR0-4,SILENT")-->
  </processor>

  <processor name="AIDA" type="AIDAProcessor">
    <!-- Processor that handles AIDA output files
    Creates a directory per processor with its output objects: histograms, trees.
    Must be the first ActiveProcessor -->
    <!-- compression of output file 0: false >0: true (default) -->
    <parameter name="Compress" type="int" value="1"/>
    <!-- filename (without extension) -->
    <parameter name="FileName" type="string" value="AIDAOutputs/output_digi"/>
    <!-- type of output file xml (default) or root ( only OpenScientist) -->
    <parameter name="FileType" type="string" value="root "/>
  </processor>

  <processor name="EventNumber" type="Statusmonitor">
    <parameter name="HowOften" type="int">1 </parameter>
    <parameter name="Verbosity" type="string"> MESSAGE </parameter>
  </processor>

  <!-- LCIO output: keep all collections -->
  <processor name="LCIOWriter" type="LCIOOutputProcessor">
    <parameter name="LCIOOutputFile" type="string"> Outputs/output_digi.slcio </parameter>
    <parameter name="FullSubsetCollections" type="StringVec">  </parameter>
    <parameter name="DropCollectionTypes" type="StringVec">  </parameter>
    <parameter name="DropCollectionNames" type="StringVec">  </parameter>
    <parameter name="KeepCollectionNames" type="StringVec">  </parameter>
    <parameter name="LCIOWriteMode" type="string" value="WRITE_NEW"/>
    <parameter name="Verbosity" type="string">WARNING </parameter>
    <!-- <parameter name="SplitFileSizekB" type="int">996147 </parameter> -->
  </processor>

</marlin>

