<?xml version="1.0" encoding="us-ascii"?>
<marlin xmlns:xsi="http://www.w3.org/2001/XMLSchema-instance" xsi:noNamespaceSchemaLocation="http://ilcsoft.desy.de/marlin/marlin.xsd">

  <constants>
  </constants>

  <!-- Defining the execution order of processors -->
  <execute>

    <!-- ========== Setup ========== -->
    <processor name="AIDA"/>
    <processor name="EventNumber" />

    <!-- ========== DD4hep.xml ========== -->
    <processor name="DD4hep"/>

    <!-- ========== TrackReconstruction.xml ========== -->
    <processor name="CKFTracking"/>
    <processor name="TrackDeduplication"/>
    <processor name="TrackRefit"/>
    <processor name="TrackFiltering"/>

    <!-- =============== PFOReconstruction.xml ================= -->
    <processor name="DDMarlinPandora" />

    <!-- =============== PFOSelection.xml ================= -->
    <processor name="PFOSelection" />

    <!-- =============== VertexJet.xml ================ -->
    <processor name="FastJetProcessor" />

    <!-- ========== Output ========== -->
    <processor name="LCIOWriter"/>

  </execute>


  <global>
    <parameter name="LCIOInputFiles">output_digi.slcio</parameter>
    <!-- Limit the number of processed records -->
    <parameter name="MaxRecordNumber" value="-1" />
    <parameter name="SkipNEvents" value="0" />
    <parameter name="SupressCheck" value="false" />
    <parameter name="Verbosity" options="DEBUG0-9,MESSAGE0-9,WARNING0-9,ERROR0-9,SILENT">DEBUG9 </parameter>
    <parameter name="RandomSeed" value="1234567890" />
  </global>


  <!-- Including processor definitions from external files -->
  <include ref="subconfigs/DD4hep.xml"/>
  <include ref="subconfigs/PFOReconstruction.xml"/>
  <include ref="subconfigs/PFOSelection.xml"/>
  <include ref="subconfigs/VertexJet.xml"/>
  <include ref="subconfigs/TrackReconstruction_BIB.xml"/>
  <include ref="subconfigs/MergeCollections.xml"/>
  <include ref="subconfigs/Monitoring.xml"/>

  <processor name="AIDA" type="AIDAProcessor">
    <!-- Processor that handles AIDA output files
    Creates a directory per processor with its output objects: histograms, trees.
    Must be the first ActiveProcessor -->
    <!-- compression of output file 0: false >0: true (default) -->
    <parameter name="Compress" type="int" value="1"/>
    <!-- filename (without extension) -->
    <parameter name="FileName" type="string" value="output_reco_tau"/>
    <!-- type of output file xml (default) or root ( only OpenScientist) -->
    <parameter name="FileType" type="string" value="root "/>
  </processor>

  <processor name="EventNumber" type="Statusmonitor">
    <parameter name="HowOften" type="int">1 </parameter>
    <parameter name="Verbosity" type="string"> MESSAGE </parameter>
  </processor>

  <!-- LCIO output: keep all collections -->
  <processor name="LCIOWriter" type="LCIOOutputProcessor">
    <parameter name="LCIOOutputFile" type="string"> output_reco.slcio </parameter>
    <parameter name="FullSubsetCollections" type="StringVec"></parameter>
    <parameter name="DropCollectionTypes" type="StringVec"></parameter>
    <parameter name="DropCollectionNames" type="StringVec"></parameter>
    <parameter name="KeepCollectionNames" type="StringVec"></parameter>
    <parameter name="LCIOWriteMode" type="string" value="WRITE_NEW"/>
    <parameter name="Verbosity" type="string">WARNING </parameter>
    <!-- <parameter name="SplitFileSizekB" type="int">996147 </parameter> -->
  </processor>

</marlin>

